Module Serial Number,Result,TaktTime,Voltage,Resistance,Temp sens 1 (dt),Temp sens 2 (dt),Temp sens 3 (dt),Temp sens 4 (dt),Temp sens 5 (dt),Temp sens 6 (dt),Temp sens 7 (dt),Temp sens 8 (dt),Temp sens 1 (dtR),Temp sens 2 (dtR),Temp sens 3 (dtR),Temp sens 4 (dtR),Temp sens 5 (dtR),Temp sens 6 (dtR),Temp sens 7 (dtR),Temp sens 8 (dtR),BMS temp1,BMS temp2,BMS temp3,Dock Positive Temp,Dock Negative Temp,Battery Positive Temp,Battery Negative Temp,Pack Positive Temp,Mosfet Body Temp,Hardware Id,Failure Reason,Test Start Time,Test End Time,Created Date,Updated Date
INSMOMAH3209K0414113,Pass,61,24,45.3401711,2,2,3,2,3,1,1,1,,,,,,,,,1,1,,5,5,7,7,22,10,,,04-11-2025 21:58,04-11-2025 21:59,Mahboob,04-11-2025 21:59
INSMOMAH3209K0414013,Pass,61,27,46.28887039,2,1,3,2,2,1,1,1,,,,,,,,,1,1,,3,3,6,6,17,8,,,04-11-2025 21:57,04-11-2025 21:58,Abhishek L,04-11-2025 21:58
INSMOMAH3209K0413F13,Pass,62,17,46.25621329,2,3,3,2,3,2,1,1,,,,,,,,,1,1,,5,5,7,7,22,10,,,04-11-2025 21:55,04-11-2025 21:56,Mahboob,04-11-2025 21:56
INSMOMAH3209K0413D13,Pass,59,23,45.95405578,2,3,3,2,3,2,1,1,,,,,,,,,1,1,1,4,4,7,7,20,9,,,04-11-2025 21:51,04-11-2025 21:52,Mahboob,04-11-2025 21:52
INSMOMAH3209K0413B13,Pass,60,17,44.84871605,2,3,3,2,2,2,1,1,,,,,,,,,1,1,1,4,4,6,6,19,9,,,04-11-2025 21:49,04-11-2025 21:50,Mahboob,04-11-2025 21:50
INSMOMAH3209K0413E13,Pass,61,24,45.56800241,2,2,3,1,2,1,1,1,,,,,,,,,1,1,,3,4,6,6,16,8,,,04-11-2025 21:46,04-11-2025 21:47,Abhishek L,04-11-2025 21:47
INSMOMAH3209K0413A13,Pass,60,33,44.96757824,2,2,3,2,2,1,1,1,,,,,,,,,1,,1,4,3,5,5,17,7,,,04-11-2025 21:41,04-11-2025 21:42,Abhishek L,04-11-2025 21:42
INSMOMAH3209K0413C13,Pass,60,20,45.56205558,2,2,2,2,1,1,1,1,,,,,,,,,,,,3,3,5,5,18,8,,,04-11-2025 21:41,04-11-2025 21:42,Siddu,04-11-2025 21:42
INSMOMAH3209K0413913,Pass,60,24,45.73971922,2,3,4,2,2,1,2,1,,,,,,,,,,,,5,4,7,7,20,9,,,04-11-2025 21:40,04-11-2025 21:41,Mahboob,04-11-2025 21:41
INSMOMAH3209K0413713,Pass,60,21,47.18024327,2,2,3,2,2,1,1,1,,,,,,,,,1,1,,3,3,5,5,16,8,,,04-11-2025 21:38,04-11-2025 21:39,Abhishek L,04-11-2025 21:39
INSMOMAH3209K0413413,Pass,61,28,42.03559381,3,2,3,3,4,2,1,1,,,,,,,,,,1,,4,4,7,7,21,9,,,04-11-2025 21:38,04-11-2025 21:39,Mahboob,04-11-2025 21:39
INSMOMAH3209K0413813,Pass,59,28,46.21930283,2,3,3,3,2,2,1,1,,,,,,,,,1,,,4,4,6,6,20,9,,,04-11-2025 21:35,04-11-2025 21:36,Mahboob,04-11-2025 21:36
INSMOMAH3209K0413013,Pass,62,49,45.66841116,2,2,3,2,3,1,1,1,,,,,,,,,1,,1,3,3,5,5,17,7,,,04-11-2025 21:33,04-11-2025 21:34,Abhishek L,04-11-2025 21:34
INSMOMAH3209K0412413,Pass,60,27,45.52956278,2,2,2,3,2,1,1,1,,,,,,,,,1,,1,3,3,5,5,17,7,,,04-11-2025 21:28,04-11-2025 21:29,Siddu,04-11-2025 21:29
INSMOMAH3209K0413313,Pass,59,20,46.34803574,2,3,3,2,3,2,1,1,,,,,,,,,1,1,1,4,5,6,6,21,9,,,04-11-2025 21:27,04-11-2025 21:28,Mahboob,04-11-2025 21:28
INSMOMAH3209K0413613,Pass,61,29,45.44480171,2,2,2,2,3,2,1,1,,,,,,,,,1,1,,4,4,5,5,17,7,,,04-11-2025 21:27,04-11-2025 21:28,Abhishek L,04-11-2025 21:28
INSMOMAH3209K0413513,Pass,60,22,46.51905472,3,3,4,3,2,2,2,2,,,,,,,,,,1,1,4,4,6,6,21,9,,,04-11-2025 21:25,04-11-2025 21:26,Mahboob,04-11-2025 21:26
INSMOMAH3209K0412913,Pass,61,23,46.11359089,2,2,2,2,3,2,1,1,,,,,,,,,1,1,1,3,4,5,5,17,7,,,04-11-2025 21:19,04-11-2025 21:20,Abhishek L,04-11-2025 21:20
INSMOMAH3209K0413213,Pass,60,48,45.71266326,2,2,3,2,3,1,1,1,,,,,,,,,1,1,1,4,5,6,6,21,9,,,04-11-2025 21:18,04-11-2025 21:19,Mahboob,04-11-2025 21:19
INSMOMAH3209K0413113,Pass,60,22,44.37710601,2,2,3,2,3,1,2,1,,,,,,,,,1,1,1,4,5,7,7,21,10,,,04-11-2025 21:14,04-11-2025 21:15,Mahboob,04-11-2025 21:15
INSMOMAH3209K0412B13,Pass,60,24,47.25817211,1,2,2,3,2,1,1,2,,,,,,,,,,1,,4,4,5,5,18,8,,,04-11-2025 21:12,04-11-2025 21:13,Abhishek L,04-11-2025 21:13
INSMOMAH3209K0412713,Pass,61,30,45.78735977,2,3,3,3,3,2,2,1,,,,,,,,,1,,,5,4,7,7,21,10,,,04-11-2025 21:10,04-11-2025 21:11,Mahboob,04-11-2025 21:11
INSMOMAH3209K0412513,Pass,59,23,45.9165655,2,1,2,1,2,1,1,1,,,,,,,,,1,1,,4,4,5,5,17,8,,,04-11-2025 21:09,04-11-2025 21:10,Abhishek L,04-11-2025 21:10
INSMOMAH3209K0412A13,Pass,59,26,47.46569168,2,3,4,2,3,1,1,1,,,,,,,,,,1,,4,3,6,6,20,9,,,04-11-2025 21:06,04-11-2025 21:07,Mahboob,04-11-2025 21:07
INSMOMAH3209K0412D13,Pass,61,17,45.62613337,2,2,2,2,2,1,1,1,,,,,,,,,,1,1,3,4,5,5,17,7,,,04-11-2025 21:03,04-11-2025 21:04,Abhishek L,04-11-2025 21:05
INSMOMAH3209K0412813,Pass,60,31,44.52262014,2,2,3,2,3,2,1,1,,,,,,,,,1,1,,4,4,6,6,21,9,,,04-11-2025 21:02,04-11-2025 21:03,Mahboob,04-11-2025 21:03
INSMOMAH3209K0412313,Pass,59,20,46.4264792,2,2,2,2,3,1,1,1,,,,,,,,,,1,1,4,4,5,5,16,7,,,04-11-2025 21:00,04-11-2025 21:01,Abhishek L,04-11-2025 21:02
INSMOMAH3209K0412613,Pass,60,9,45.46017283,2,2,3,3,2,1,1,2,,,,,,,,,1,,,5,5,6,6,20,9,,,04-11-2025 20:58,04-11-2025 20:59,Mahboob,04-11-2025 20:59
INSMOMAH3209K0411F13,Pass,59,18,47.20363928,2,2,2,2,2,1,1,1,,,,,,,,,1,,,3,3,6,6,16,7,,,04-11-2025 20:57,04-11-2025 20:58,Abhishek L,04-11-2025 20:58
INSMOMAH3209K0412113,Pass,60,26,46.2201762,2,3,3,3,3,2,1,2,,,,,,,,,1,1,1,4,4,6,6,20,10,,,04-11-2025 20:55,04-11-2025 20:56,Mahboob,04-11-2025 20:56
INSMOMAH3209K0412213,Pass,60,22,46.10818573,2,2,2,2,2,1,1,1,,,,,,,,,1,1,1,4,5,6,6,20,9,,,04-11-2025 20:49,04-11-2025 20:50,Mahboob,04-11-2025 20:50
INSMOMAH3209K0412013,Pass,59,30,46.51822262,2,2,3,2,2,2,1,1,,,,,,,,,1,1,,4,4,7,7,20,9,,,04-11-2025 20:45,04-11-2025 20:46,Mahboob,04-11-2025 20:46
INSMOMAH3209K0411E13,Pass,61,29,44.87262622,2,2,4,3,3,1,1,1,,,,,,,,,,1,,4,3,6,6,19,9,,,04-11-2025 20:37,04-11-2025 20:38,Mahboob,04-11-2025 20:39
INSMOMAH3209K0411D13,Pass,60,17,46.48079147,2,2,3,2,2,1,1,1,,,,,,,,,1,1,1,3,4,5,5,17,8,,,04-11-2025 20:36,04-11-2025 20:37,Abhishek L,04-11-2025 20:37
INSMOMAH3209K0411B13,Pass,59,32,45.87271582,2,2,3,2,2,1,1,1,,,,,,,,,1,1,,5,5,6,6,19,9,,,04-11-2025 20:35,04-11-2025 20:36,Mahboob,04-11-2025 20:36
INSMOMAH3209K0411C13,Pass,59,28,45.70070881,1,1,1,2,3,1,1,2,,,,,,,,,1,1,1,4,4,5,5,17,7,,,04-11-2025 20:32,04-11-2025 20:33,Abhishek L,04-11-2025 20:33
INSMOMAH3209K0411A13,Pass,59,21,45.79047421,2,2,3,2,3,1,1,1,,,,,,,,,,,,4,3,5,5,16,7,,,04-11-2025 20:28,04-11-2025 20:29,Abhishek L,04-11-2025 20:29
INSMOMAH3209K0411813,Pass,59,23,45.41965385,2,2,3,2,3,1,1,1,,,,,,,,,1,1,1,4,4,6,6,21,9,,,04-11-2025 20:27,04-11-2025 20:28,Mahboob,04-11-2025 20:28
INSMOMAH3209K0411913,Pass,60,22,44.42879609,2,2,2,2,3,1,1,1,,,,,,,,,,1,,4,5,7,7,20,9,,,04-11-2025 20:18,04-11-2025 20:19,Mahboob,04-11-2025 20:19
INSMOMAH3209K0411613,Pass,60,19,44.84340399,2,2,2,3,3,1,1,1,,,,,,,,,1,1,1,4,3,5,5,17,8,,,04-11-2025 20:16,04-11-2025 20:17,Abhishek L,04-11-2025 20:17
INSMOMAH3209K0411713,Pass,59,36,44.61661769,2,2,2,2,3,1,2,2,,,,,,,,,,1,,4,4,7,7,21,9,,,04-11-2025 20:16,04-11-2025 20:17,Mahboob,04-11-2025 20:17
INSMOMAH3209K0411513,Pass,59,23,45.2622738,1,2,2,2,2,1,1,1,,,,,,,,,1,1,1,4,3,5,5,17,7,,,04-11-2025 20:13,04-11-2025 20:14,Abhishek L,04-11-2025 20:14
INSMOMAH3209K0411413,Pass,59,30,45.25492846,2,3,3,2,3,1,1,1,,,,,,,,,1,1,1,4,5,7,7,21,9,,,04-11-2025 20:10,04-11-2025 20:11,Mahboob,04-11-2025 20:11
INSMOMAH3209K0411113,Pass,60,26,45.64118436,2,2,2,2,2,1,1,1,,,,,,,,,1,1,1,3,4,5,5,16,8,,,04-11-2025 20:09,04-11-2025 20:10,Abhishek L,04-11-2025 20:10
INSMOMAH3209K0411213,Pass,60,22,44.79346956,2,2,3,2,2,1,1,1,,,,,,,,,1,1,1,4,5,6,6,21,9,,,04-11-2025 20:08,04-11-2025 20:09,Mahboob,04-11-2025 20:09
INSMOMAH3209K0411313,Pass,61,19,45.31974287,2,2,2,2,2,1,1,1,,,,,,,,,1,1,1,3,4,5,5,18,8,,,04-11-2025 20:06,04-11-2025 20:07,Abhishek L,04-11-2025 20:07
INSMOMAH3209K0410E13,Pass,60,24,44.90683375,2,2,3,2,3,1,1,1,,,,,,,,,1,1,1,4,4,6,6,20,9,,,04-11-2025 20:05,04-11-2025 20:06,Mahboob,04-11-2025 20:06
INSMOMAH3209K0410F13,Pass,61,20,45.10944274,2,2,3,3,3,2,1,1,,,,,,,,,1,1,1,3,3,5,5,16,7,,,04-11-2025 20:03,04-11-2025 20:04,Abhishek L,04-11-2025 20:04
INSMOMAH3209K0410C13,Pass,61,31,47.09164491,2,3,3,2,3,2,2,2,,,,,,,,,1,1,1,4,4,6,6,20,9,,,04-11-2025 20:01,04-11-2025 20:02,Mahboob,04-11-2025 20:02
INSMOMAH3209K0411013,Pass,59,25,46.49148137,3,3,3,3,3,1,1,2,,,,,,,,,1,,,5,5,6,6,20,9,,,04-11-2025 19:58,04-11-2025 19:59,Mahboob,04-11-2025 19:59
INSMOMAH3209K0410A13,Pass,61,16,45.77226607,2,2,2,3,3,1,1,2,,,,,,,,,1,,,4,4,5,5,16,7,,,04-11-2025 19:57,04-11-2025 19:58,Abhishek L,04-11-2025 19:58
INSMOMAH3209K0410B13,Pass,60,21,43.80611259,2,3,4,2,3,2,2,2,,,,,,,,,1,1,1,3,4,6,6,21,9,,,04-11-2025 19:56,04-11-2025 19:57,Mahboob,04-11-2025 19:57
INSMOMAH3209K0410D13,Pass,60,18,46.69646636,2,1,3,3,2,1,1,1,,,,,,,,,,,,3,2,5,5,15,7,,,04-11-2025 19:55,04-11-2025 19:56,Siddu,04-11-2025 19:56
INSMOMAH3209K0410813,Pass,60,25,45.03524046,2,3,2,2,3,2,2,1,,,,,,,,,1,1,,2,3,5,5,17,8,,,04-11-2025 19:54,04-11-2025 19:55,Abhishek L,04-11-2025 19:55
INSMOMAH3209K0410913,Pass,60,26,45.03153636,3,3,3,3,3,2,2,2,,,,,,,,,1,,,4,4,6,6,20,8,,,04-11-2025 19:53,04-11-2025 19:54,Mahboob,04-11-2025 19:55
INSMOMAH3209K0410713,Pass,60,23,44.52607351,2,2,3,3,2,2,1,2,,,,,,,,,1,1,1,4,3,6,6,21,9,,,04-11-2025 19:51,04-11-2025 19:52,Mahboob,04-11-2025 19:52
INSMOMAH3209K0410613,Pass,61,31,45.24339803,2,2,3,2,3,2,1,2,,,,,,,,,,,,3,4,5,5,17,7,,,04-11-2025 19:48,04-11-2025 19:49,Abhishek L,04-11-2025 19:49
INSMOMAH3209K0410513,Pass,60,31,45.20763348,2,3,4,3,2,2,2,2,,,,,,,,,1,1,1,3,4,6,6,21,9,,,04-11-2025 19:46,04-11-2025 19:47,Mahboob,04-11-2025 19:47
INSMOMAH3209K040F913,Pass,60,23,47.00627716,2,2,3,2,3,2,1,1,,,,,,,,,1,1,,3,3,6,6,20,9,,,04-11-2025 19:40,04-11-2025 19:41,Mahboob,04-11-2025 19:41
INSMOMAH3209K0410413,Pass,60,22,45.88645444,2,2,3,3,2,1,1,1,,,,,,,,,1,1,1,3,3,5,5,17,7,,,04-11-2025 19:39,04-11-2025 19:40,Abhishek L,04-11-2025 19:40
INSMOMAH3209K0410213,Pass,61,30,47.2118772,3,2,3,3,4,1,1,2,,,,,,,,,1,1,1,5,4,7,7,20,9,,,04-11-2025 19:33,04-11-2025 19:34,Mahboob,04-11-2025 19:34
INSMOMAH3209K0410313,Pass,60,40,45.74594852,2,3,4,3,4,1,2,2,,,,,,,,,1,1,1,4,4,6,6,19,8,,,04-11-2025 19:29,04-11-2025 19:30,Mahboob,04-11-2025 19:30
INSMOMAH3209K0410113,Pass,60,20,45.17903606,2,2,4,2,4,2,1,1,,,,,,,,,1,1,1,4,4,7,7,21,9,,,04-11-2025 19:12,04-11-2025 19:13,Mahboob,04-11-2025 19:13
INSMOMAH3209K0410013,Pass,60,22,47.11657334,2,2,3,2,2,1,1,1,,,,,,,,,,,1,3,5,7,7,21,9,,,04-11-2025 19:08,04-11-2025 19:09,Mahboob,04-11-2025 19:09
INSMOMAH3209K040FF13,Pass,60,27,45.06725933,2,2,3,3,3,1,1,2,,,,,,,,,,1,,5,5,7,7,21,9,,,04-11-2025 18:59,04-11-2025 19:00,Mahboob,04-11-2025 19:00
INSMOMAH3209K040FE13,Pass,60,27,44.70795721,2,3,3,2,3,2,2,2,,,,,,,,,,1,,4,4,7,7,20,9,,,04-11-2025 18:57,04-11-2025 18:58,Mahboob,04-11-2025 18:58
INSMOMAH3209K040FD13,Pass,60,37,46.22949123,1,2,3,2,2,1,1,1,,,,,,,,,1,1,1,3,3,5,5,17,7,,,04-11-2025 18:54,04-11-2025 18:55,Abhishek L,04-11-2025 18:55
INSMOMAH3209K040FC13,Pass,60,23,46.60106461,2,2,4,2,3,1,1,1,,,,,,,,,1,1,1,5,4,7,7,20,9,,,04-11-2025 18:53,04-11-2025 18:54,Mahboob,04-11-2025 18:54
INSMOMAH3209K040FB13,Pass,59,30,46.64486627,2,2,3,2,2,1,1,1,,,,,,,,,1,1,1,3,3,5,5,16,7,,,04-11-2025 18:47,04-11-2025 18:48,Abhishek L,04-11-2025 18:48
INSMOMAH3209K040A313,Pass,60,27,40.7638906,1,2,3,2,2,1,1,1,,,,,,,,,1,,,3,3,5,5,20,8,,,04-11-2025 18:47,04-11-2025 18:48,Mahboob,04-11-2025 18:48
INSMOMAH3209K040DE13,Pass,60,30,43.6644041,2,3,3,3,3,2,2,2,,,,,,,,,,,,4,4,6,6,22,9,,,04-11-2025 18:43,04-11-2025 18:44,Mahboob,04-11-2025 18:44
INSMOMAH3209K040F613,Pass,61,40,46.81301653,1,2,2,2,3,1,1,1,,,,,,,,,,1,,3,3,6,6,17,7,,,04-11-2025 18:40,04-11-2025 18:41,Abhishek L,04-11-2025 18:41
INSMOMAH3209K040FA13,Pass,60,37,48.60827882,2,2,2,2,3,2,1,1,,,,,,,,,,1,,4,3,6,6,16,8,,,04-11-2025 18:30,04-11-2025 18:31,Abhishek L,04-11-2025 18:31
INSMOMAH3209K040F813,Pass,59,22,47.24875953,3,2,3,3,3,1,1,1,,,,,,,,,1,1,1,4,4,6,6,20,8,,,04-11-2025 18:26,04-11-2025 18:27,Mahboob,04-11-2025 18:27
INSMOMAH3209K040CF13,Pass,61,20,45.40229885,2,2,2,2,2,1,1,1,,,,,,,,,1,1,1,4,3,5,5,16,7,,,04-11-2025 18:25,04-11-2025 18:26,Abhishek L,04-11-2025 18:26
INSMOMAH3209K040F513,Pass,60,27,43.31330716,2,2,2,2,3,1,1,1,,,,,,,,,,1,,3,4,6,6,21,9,,,04-11-2025 18:24,04-11-2025 18:25,Mahboob,04-11-2025 18:25
INSMOMAH3209K040F713,Pass,59,21,47.8570875,2,2,2,2,2,1,1,1,,,,,,,,,1,1,1,4,3,5,5,17,7,,,04-11-2025 18:22,04-11-2025 18:23,Abhishek L,04-11-2025 18:23
INSMOMAH3209K040F313,Pass,60,28,45.27877698,2,1,2,2,2,1,1,1,,,,,,,,,1,1,1,4,4,6,6,20,9,,,04-11-2025 18:22,04-11-2025 18:23,Mahboob,04-11-2025 18:23
INSMOMAH3209K040F113,Pass,61,32,45.85790436,2,2,3,3,2,1,1,1,,,,,,,,,1,1,1,3,3,5,5,15,7,,,04-11-2025 18:09,04-11-2025 18:10,Abhishek L,04-11-2025 18:10
INSMOMAH3209K040EF13,Pass,59,27,45.74558504,2,2,3,3,3,1,1,1,,,,,,,,,1,,,5,4,7,7,20,10,,,04-11-2025 18:05,04-11-2025 18:06,Mahboob,04-11-2025 18:07
INSMOMAH3209K040F413,Pass,60,22,45.30922242,2,2,3,2,3,1,1,1,,,,,,,,,1,1,,5,5,7,7,20,9,,,04-11-2025 18:02,04-11-2025 18:03,Mahboob,04-11-2025 18:03
INSMOMAH3209K040F213,Pass,59,35,46.19957639,2,2,3,2,3,1,1,1,,,,,,,,,,1,1,4,5,6,6,21,9,,,04-11-2025 17:59,04-11-2025 18:00,Mahboob,04-11-2025 18:00
INSMOMAH3209K040F013,Pass,61,26,42.34444245,2,2,2,2,2,1,1,1,,,,,,,,,,1,,3,3,5,5,16,7,,,04-11-2025 17:59,04-11-2025 18:00,Abhishek L,04-11-2025 18:00
INSMOMAH3209K040ED13,Pass,61,32,45.4209493,2,3,3,3,3,1,1,1,,,,,,,,,1,1,1,5,4,6,6,21,9,,,04-11-2025 17:56,04-11-2025 17:57,Mahboob,04-11-2025 17:57
INSMOMAH3209K040E913,Pass,59,18,44.67820272,2,2,4,2,3,2,1,1,,,,,,,,,1,,,4,4,6,6,21,8,,,04-11-2025 17:53,04-11-2025 17:54,Mahboob,04-11-2025 17:54
INSMOMAH3209K040EE13,Pass,58,30,46.24832357,3,2,3,3,2,1,1,1,,,,,,,,,1,1,1,5,5,6,6,20,9,,,04-11-2025 17:51,04-11-2025 17:51,Mahboob,04-11-2025 17:52
INSMOMAH3209K040EC13,Pass,60,26,45.21878844,2,2,2,2,2,1,1,1,,,,,,,,,1,1,,4,3,5,5,17,7,,,04-11-2025 17:48,04-11-2025 17:49,Abhishek L,04-11-2025 17:49
INSMOMAH3209K040E713,Pass,58,28,44.72400268,2,2,2,2,3,1,1,1,,,,,,,,,,1,,4,4,7,7,21,9,,,04-11-2025 17:47,04-11-2025 17:48,Mahboob,04-11-2025 17:48
INSMOMAH3209K040EA13,Pass,59,35,46.83734133,1,2,2,2,3,1,1,1,,,,,,,,,,1,1,3,3,6,6,17,8,,,04-11-2025 17:45,04-11-2025 17:46,Abhishek L,04-11-2025 17:46
INSMOMAH3209K040EB13,Pass,59,33,45.5727031,2,3,2,3,3,1,2,1,,,,,,,,,1,,,4,4,7,7,21,9,,,04-11-2025 17:44,04-11-2025 17:45,Mahboob,04-11-2025 17:45
INSMOMAH3209K040E413,Pass,59,26,46.31015459,1,1,2,1,2,1,1,1,,,,,,,,,,1,,3,3,5,5,17,7,,,04-11-2025 17:42,04-11-2025 17:43,Abhishek L,04-11-2025 17:43
INSMOMAH3209K040E813,Pass,59,17,44.86837085,2,2,3,2,3,1,1,1,,,,,,,,,,1,,4,4,6,6,20,9,,,04-11-2025 17:39,04-11-2025 17:40,Mahboob,04-11-2025 17:40
INSMOMAH3209K040E013,Pass,59,39,45.9974526,2,2,2,4,3,1,2,1,,,,,,,,,1,1,,4,4,6,6,21,9,,,04-11-2025 17:36,04-11-2025 17:37,Mahboob,04-11-2025 17:37
INSMOMAH3209K040E613,Pass,61,22,44.34209227,2,3,3,2,2,1,1,1,,,,,,,,,,,1,3,4,6,6,18,8,,,04-11-2025 17:35,04-11-2025 17:36,Abhishek L,04-11-2025 17:36
INSMOMAH3209K040E513,Pass,60,20,45.7773391,2,2,2,2,3,1,1,1,,,,,,,,,1,1,1,4,3,5,5,17,7,,,04-11-2025 17:32,04-11-2025 17:33,Abhishek L,04-11-2025 17:33
INSMOMAH3209K040E213,Pass,60,34,45.91051147,2,1,2,2,3,1,1,1,,,,,,,,,,1,,4,4,5,5,18,8,,,04-11-2025 17:29,04-11-2025 17:30,Abhishek L,04-11-2025 17:30
INSMOMAH3209K040E313,Pass,59,23,46.24528302,2,2,2,2,2,2,1,1,,,,,,,,,1,,,4,4,6,6,19,9,,,04-11-2025 17:25,04-11-2025 17:26,Mahboob,04-11-2025 17:26
INSMOMAH3209K040E113,Pass,60,33,46.32733923,1,3,3,3,3,2,2,2,,,,,,,,,,,,3,3,5,5,17,8,,,04-11-2025 17:23,04-11-2025 17:24,Abhishek L,04-11-2025 17:24
INSMOMAH3209K040DC13,Pass,61,34,44.92223025,3,2,3,3,3,1,1,2,,,,,,,,,1,,,4,4,7,7,21,9,,,04-11-2025 17:21,04-11-2025 17:22,Mahboob,04-11-2025 17:22
INSMOMAH3209K040DF13,Pass,59,34,46.16145208,2,2,2,2,3,1,1,1,,,,,,,,,1,,,4,4,6,6,19,9,,,04-11-2025 17:16,04-11-2025 17:17,Mahboob,04-11-2025 17:17
INSMOMAH3209K0301D13,Pass,60,27,43.2111001,2,3,5,2,4,2,3,2,,,,,,,,,,1,,4,5,6,6,19,9,,,04-11-2025 17:12,04-11-2025 17:13,Mahboob,04-11-2025 17:13
INSMOMAH3209K040DA13,Pass,61,22,46.29237288,2,2,2,2,2,2,1,1,,,,,,,,,1,,1,3,3,5,5,16,7,,,04-11-2025 17:11,04-11-2025 17:12,Abhishek L,04-11-2025 17:12
INSMOMAH3209K040DD13,Pass,60,25,45.18769735,2,2,3,3,3,1,2,1,,,,,,,,,1,1,1,4,5,6,6,20,9,,,04-11-2025 17:08,04-11-2025 17:09,Mahboob,04-11-2025 17:10
INSMOMAH3209K040DB13,Pass,60,21,46.40343468,2,2,4,2,2,2,1,2,,,,,,,,,1,1,,4,4,6,6,20,9,,,04-11-2025 17:06,04-11-2025 17:07,Mahboob,04-11-2025 17:08
INSMOMAH3209K040D913,Pass,60,31,45.42456719,2,2,2,2,4,1,1,1,,,,,,,,,1,1,1,4,4,6,6,21,9,,,04-11-2025 17:03,04-11-2025 17:04,Mahboob,04-11-2025 17:04
INSMOMAH3209K040D713,Pass,61,19,45.22463167,2,2,2,2,3,1,1,1,,,,,,,,,1,1,,3,4,6,6,17,8,,,04-11-2025 17:00,04-11-2025 17:01,Abhishek L,04-11-2025 17:01
INSMOMAH3209K040D813,Pass,61,26,45.37341475,2,3,2,3,2,2,1,1,,,,,,,,,1,1,1,4,4,6,6,21,9,,,04-11-2025 17:00,04-11-2025 17:01,Mahboob,04-11-2025 17:01
INSMOMAH3209K040D613,Pass,60,30,45.93421766,2,2,2,2,3,1,1,1,,,,,,,,,1,1,1,3,4,7,7,20,9,,,04-11-2025 16:53,04-11-2025 16:54,Mahboob,04-11-2025 16:54
INSMOMAH3209K040D313,Pass,59,26,46.5243869,2,2,2,1,2,2,1,1,,,,,,,,,,,,4,3,6,6,17,8,,,04-11-2025 16:53,04-11-2025 16:54,Abhishek L,04-11-2025 16:54
INSMOMAH3209K040D513,Pass,59,29,47.41651346,2,1,2,2,3,1,1,2,,,,,,,,,1,1,,3,3,5,5,16,7,,,04-11-2025 16:51,04-11-2025 16:52,Abhishek L,04-11-2025 16:52
INSMOMAH3209K040D413,Pass,60,25,46.11917614,3,2,2,2,3,1,1,1,,,,,,,,,1,1,1,2,3,5,5,17,7,,,04-11-2025 16:46,04-11-2025 16:47,Siddu,04-11-2025 16:47
INSMOMAH3209K040D213,Pass,59,25,46.53179928,2,2,2,3,3,2,1,1,,,,,,,,,1,1,1,3,3,5,5,16,7,,,04-11-2025 16:46,04-11-2025 16:47,Abhishek L,04-11-2025 16:47
INSMOMAH3209K040D113,Pass,60,27,46.14610332,2,2,3,3,3,2,1,1,,,,,,,,,1,1,1,4,3,7,7,22,10,,,04-11-2025 16:45,04-11-2025 16:46,Mahboob,04-11-2025 16:46
INSMOMAH3209K040D013,Pass,61,16,45.82973037,2,3,3,2,2,1,1,1,,,,,,,,,,1,,4,3,5,5,18,8,,,04-11-2025 16:34,04-11-2025 16:35,Abhishek L,04-11-2025 16:35
INSMOMAH3209K040CE13,Pass,60,23,47.38753278,2,3,4,3,3,2,2,2,,,,,,,,,,,,4,4,6,6,22,9,,,04-11-2025 16:32,04-11-2025 16:33,Mahboob,04-11-2025 16:34
INSMOMAH3209K040CD13,Pass,59,18,46.88706894,2,2,3,3,3,2,1,1,,,,,,,,,,1,,2,4,5,5,16,7,,,04-11-2025 16:31,04-11-2025 16:32,Siddu,04-11-2025 16:32
INSMOMAH3209K040CB13,Pass,60,18,45.12098687,2,3,3,2,3,2,1,1,,,,,,,,,,,,4,4,5,5,17,7,,,04-11-2025 16:30,04-11-2025 16:31,Abhishek L,04-11-2025 16:31
INSMOMAH3209K040C913,Pass,60,18,45.32159591,2,3,3,3,2,2,1,2,,,,,,,,,1,1,,4,4,5,5,19,8,,,04-11-2025 16:28,04-11-2025 16:29,Mahboob,04-11-2025 16:29
INSMOMAH3209K040CC13,Pass,60,21,45.85152838,2,3,3,2,2,2,1,1,,,,,,,,,1,,,3,4,5,5,15,7,,,04-11-2025 16:26,04-11-2025 16:27,Abhishek L,04-11-2025 16:27
INSMOMAH3209K040C713,Pass,61,24,44.47612259,2,2,2,2,2,1,1,1,,,,,,,,,1,1,1,3,4,5,5,17,7,,,04-11-2025 16:23,04-11-2025 16:24,Abhishek L,04-11-2025 16:24
INSMOMAH3209K040CA13,Pass,61,21,44.71772363,2,2,2,2,2,1,1,1,,,,,,,,,1,1,1,3,4,5,5,16,7,,,04-11-2025 16:20,04-11-2025 16:21,Abhishek L,04-11-2025 16:22
INSMOMAH3209K040C813,Pass,59,21,45.27688888,2,2,2,2,3,1,1,1,,,,,,,,,,1,,4,4,7,7,20,9,,,04-11-2025 16:18,04-11-2025 16:19,Mahboob,04-11-2025 16:19
INSMOMAH3209K040C613,Pass,60,16,46.35933243,2,3,3,2,3,2,2,1,,,,,,,,,,1,,3,4,5,5,16,7,,,04-11-2025 16:16,04-11-2025 16:17,Abhishek L,04-11-2025 16:17
INSMOMAH3209K040C413,Pass,59,22,44.98152783,3,3,3,2,3,2,2,1,,,,,,,,,1,1,1,5,5,6,6,20,9,,,04-11-2025 16:14,04-11-2025 16:15,Mahboob,04-11-2025 16:15
INSMOMAH3209K040C213,Pass,60,28,45.14196034,3,3,4,3,3,2,2,2,,,,,,,,,1,1,1,5,5,6,6,20,9,,,04-11-2025 16:12,04-11-2025 16:13,Mahboob,04-11-2025 16:13
INSMOMAH3209K040C513,Pass,59,28,45.81303116,2,2,3,3,3,1,1,1,,,,,,,,,1,1,,3,3,5,5,17,8,,,04-11-2025 16:11,04-11-2025 16:12,Abhishek L,04-11-2025 16:12
INSMOMAH3209K040C313,Pass,60,32,45.24510277,2,2,3,3,3,1,1,1,,,,,,,,,,1,,4,4,6,6,21,9,,,04-11-2025 16:08,04-11-2025 16:09,Mahboob,04-11-2025 16:09
INSMOMAH3209K040BE13,Pass,60,23,44.80951421,2,2,2,2,3,1,1,1,,,,,,,,,1,,,4,3,5,5,17,8,,,04-11-2025 16:07,04-11-2025 16:08,Abhishek L,04-11-2025 16:08
INSMOMAH3209K040BC13,Pass,60,28,46.07724962,2,2,2,2,3,1,1,1,,,,,,,,,1,1,1,3,4,5,5,16,8,,,04-11-2025 16:02,04-11-2025 16:03,Abhishek L,04-11-2025 16:03
INSMOMAH3209K040C113,Pass,62,30,45.32488514,2,2,2,1,3,2,1,1,,,,,,,,,,1,1,3,3,5,5,16,8,,,04-11-2025 16:00,04-11-2025 16:01,Abhishek L,04-11-2025 16:01
INSMOMAH3209K040C013,Pass,59,20,44.16986393,2,2,3,3,2,2,2,1,,,,,,,,,1,1,1,5,5,6,6,22,9,,,04-11-2025 15:58,04-11-2025 15:59,Mahboob,04-11-2025 15:59
INSMOMAH3209K040BA13,Pass,59,26,46.07878832,2,3,4,2,3,2,1,1,,,,,,,,,1,1,1,4,4,6,6,19,9,,,04-11-2025 15:56,04-11-2025 15:57,Mahboob,04-11-2025 15:57
INSMOMAH3209K040BF13,Pass,61,25,45.16433121,2,2,3,2,3,1,1,1,,,,,,,,,,1,,3,3,5,5,16,7,,,04-11-2025 15:54,04-11-2025 15:55,Abhishek L,04-11-2025 15:55
INSMOMAH3209K040B813,Pass,59,22,44.43935264,2,3,3,3,3,2,2,2,,,,,,,,,1,1,1,4,4,5,5,19,8,,,04-11-2025 15:51,04-11-2025 15:52,Mahboob,04-11-2025 15:52
INSMOMAH3209K040BD13,Pass,59,19,45.08856683,2,2,4,2,3,2,2,1,,,,,,,,,1,1,1,4,5,6,6,20,9,,,04-11-2025 15:49,04-11-2025 15:50,Mahboob,04-11-2025 15:50
INSMOMAH3209K040BB13,Pass,59,23,45.8320973,2,2,3,3,3,2,2,2,,,,,,,,,,,,3,3,5,5,16,7,,,04-11-2025 15:48,04-11-2025 15:49,Siddu,04-11-2025 15:49
INSMOMAH3209K040B913,Pass,61,34,44.98097609,2,2,3,2,3,2,1,1,,,,,,,,,1,1,,4,4,6,6,21,9,,,04-11-2025 15:45,04-11-2025 15:46,Mahboob,04-11-2025 15:46
INSMOMAH3209K040B613,Pass,63,24,44.38376943,2,2,2,2,2,1,1,1,,,,,,,,,1,1,,3,4,5,5,18,8,,,04-11-2025 15:42,04-11-2025 15:43,Abhishek L,04-11-2025 15:43
INSMOMAH3209K040A613,Pass,60,20,45.76820435,2,2,3,1,3,2,1,1,,,,,,,,,,1,,4,3,6,6,21,8,,,04-11-2025 15:41,04-11-2025 15:42,Mahboob,04-11-2025 15:42
INSMOMAH3209K040B413,Pass,62,31,44.66213617,2,2,2,2,3,1,1,1,,,,,,,,,1,,,3,3,5,5,16,7,,,04-11-2025 15:39,04-11-2025 15:40,Abhishek L,04-11-2025 15:40
INSMOMAH3209K040B713,Pass,60,19,43.77628359,3,3,3,4,3,2,2,2,,,,,,,,,,1,,5,4,6,6,21,9,,,04-11-2025 15:36,04-11-2025 15:37,Mahboob,04-11-2025 15:37
INSMOMAH3209K040B513,Pass,60,23,38.66710657,2,2,2,1,2,2,1,2,,,,,,,,,1,1,1,4,3,5,5,21,9,,,04-11-2025 15:33,04-11-2025 15:34,Mahboob,04-11-2025 15:34
INSMOMAH3209K040B213,Pass,60,18,44.21060846,2,2,2,2,2,2,1,1,,,,,,,,,1,1,1,3,3,5,5,17,7,,,04-11-2025 15:33,04-11-2025 15:34,Abhishek L,04-11-2025 15:34
INSMOMAH3209K040A413,Pass,61,32,45.71667981,2,2,4,3,3,1,1,1,,,,,,,,,1,1,1,5,5,6,6,21,9,,,04-11-2025 15:29,04-11-2025 15:30,Mahboob,04-11-2025 15:30
INSMOMAH3209K040B313,Pass,60,26,43.74041298,2,3,3,4,3,2,2,2,,,,,,,,,,1,1,4,5,6,6,22,9,,,04-11-2025 15:26,04-11-2025 15:27,Mahboob,04-11-2025 15:27
INSMOMAH3209K040B013,Pass,60,22,46.27273437,2,2,2,3,2,2,1,1,,,,,,,,,,1,,3,3,5,5,17,8,,,04-11-2025 15:25,04-11-2025 15:26,Siddu,04-11-2025 15:26
INSMOMAH3209K040AD13,Pass,59,29,47.19888324,2,2,3,2,3,1,1,2,,,,,,,,,,1,,3,3,5,5,17,8,,,04-11-2025 15:23,04-11-2025 15:24,Abhishek L,04-11-2025 15:24
INSMOMAH3209K040B113,Pass,59,19,45.19965194,3,2,3,3,2,2,2,2,,,,,,,,,1,,,4,4,6,6,21,9,,,04-11-2025 15:23,04-11-2025 15:24,Mahboob,04-11-2025 15:24
INSMOMAH3209K040AC13,Pass,60,22,44.4835572,3,2,4,3,3,2,2,1,,,,,,,,,1,1,,4,4,6,6,22,9,,,04-11-2025 15:20,04-11-2025 15:21,Mahboob,04-11-2025 15:21
INSMOMAH3209K040AF13,Pass,60,33,44.95761611,3,3,3,3,3,2,2,2,,,,,,,,,1,,,4,4,7,7,20,9,,,04-11-2025 15:17,04-11-2025 15:18,Mahboob,04-11-2025 15:18
INSMOMAH3209K0304913,Pass,59,29,46.13092282,2,2,3,2,4,1,1,1,,,,,,,,,1,1,,4,5,6,6,22,9,,,04-11-2025 15:15,04-11-2025 15:16,Mahboob,04-11-2025 15:16
INSMOMAH3209K040AE13,Pass,61,40,46.99037316,2,2,2,2,3,1,1,1,,,,,,,,,,1,,3,4,5,5,18,8,,,04-11-2025 15:11,04-11-2025 15:12,Abhishek L,04-11-2025 15:12
INSMOMAH3209K040AA13,Pass,60,33,45.06697701,3,2,3,3,3,2,1,2,,,,,,,,,1,1,1,4,5,6,6,21,9,,,04-11-2025 15:09,04-11-2025 15:10,Mahboob,04-11-2025 15:10
INSMOMAH3209K0304813,Pass,60,23,45.83974071,2,2,3,2,3,2,1,1,,,,,,,,,1,1,1,5,4,7,7,20,9,,,04-11-2025 15:07,04-11-2025 15:08,Mahboob,04-11-2025 15:08
INSMOMAH3209K040AB13,Pass,59,23,46.70221878,2,2,2,3,3,2,1,1,,,,,,,,,1,1,1,3,3,6,6,17,8,,,04-11-2025 15:05,04-11-2025 15:06,Siddu,04-11-2025 15:06
INSMOMAH3209K040A913,Pass,60,30,46.33174726,2,2,2,2,4,1,1,1,,,,,,,,,1,1,,3,3,5,5,18,7,,,04-11-2025 15:04,04-11-2025 15:05,Abhishek L,04-11-2025 15:05
INSMOMAH3209K040A213,Pass,59,36,45.81379772,2,2,3,2,3,2,1,1,,,,,,,,,1,1,,4,4,7,7,22,9,,,04-11-2025 15:03,04-11-2025 15:04,Mahboob,04-11-2025 15:04
INSMOMAH3209K040A813,Pass,59,27,46.24553679,2,2,2,2,3,1,1,1,,,,,,,,,,,,3,3,6,6,15,8,,,04-11-2025 15:01,04-11-2025 15:02,Siddu,04-11-2025 15:02
INSMOMAH3209K040A713,Pass,59,20,47.50717828,2,2,2,2,2,1,1,1,,,,,,,,,,,,3,3,5,5,16,7,,,04-11-2025 14:58,04-11-2025 14:59,Abhishek L,04-11-2025 14:59
INSMOMAH3209K040A513,Pass,60,27,46.8406878,2,2,2,1,3,1,1,1,,,,,,,,,1,1,,3,3,5,5,16,7,,,04-11-2025 14:53,04-11-2025 14:54,Abhishek L,04-11-2025 14:55
INSMOMAH3209K040A013,Pass,58,25,46.84317719,2,3,4,3,2,1,1,1,,,,,,,,,,1,1,4,4,6,6,20,9,,,04-11-2025 14:50,04-11-2025 14:51,Mahboob,04-11-2025 14:51
INSMOMAH3209K0409E13,Pass,59,25,45.9409642,2,3,3,2,3,2,1,1,,,,,,,,,1,1,,3,3,5,5,17,7,,,04-11-2025 14:49,04-11-2025 14:50,Abhishek L,04-11-2025 14:50
INSMOMAH3209K040A113,Pass,59,29,46.06361165,2,2,2,3,3,2,1,2,,,,,,,,,1,1,1,4,5,6,6,21,9,,,04-11-2025 14:45,04-11-2025 14:46,Mahboob,04-11-2025 14:46
INSMOMAH3209K0409F13,Pass,60,26,45.67537814,2,2,3,2,3,3,1,2,,,,,,,,,1,1,1,4,4,6,6,20,8,,,04-11-2025 14:42,04-11-2025 14:43,Mahboob,04-11-2025 14:44
INSMOMAH3209K0409C13,Pass,59,21,43.5423948,1,2,2,2,2,1,2,1,,,,,,,,,,,,3,2,5,5,17,6,,,04-11-2025 14:42,04-11-2025 14:43,Abhishek L,04-11-2025 14:43
INSMOMAH3209K0409D13,Pass,58,25,45.96588618,2,2,3,2,3,2,1,1,,,,,,,,,1,1,1,3,4,5,5,19,8,,,04-11-2025 14:39,04-11-2025 14:40,Mahboob,04-11-2025 14:40
INSMOMAH3209K0409B13,Pass,60,19,45.51667012,2,2,2,2,2,1,1,1,,,,,,,,,,,,3,3,5,5,18,7,,,04-11-2025 14:37,04-11-2025 14:38,Abhishek L,04-11-2025 14:38
INSMOMAH3209K0409913,Pass,59,22,45.61986499,2,2,3,2,2,2,2,2,,,,,,,,,1,1,1,3,3,4,4,17,8,,,04-11-2025 14:32,04-11-2025 14:33,Siddu,04-11-2025 14:33
INSMOMAH3209K0409A13,Pass,59,24,45.11959555,3,2,2,2,3,2,1,1,,,,,,,,,1,1,1,4,3,7,7,20,9,,,04-11-2025 14:30,04-11-2025 14:31,Mahboob,04-11-2025 14:31
INSMOMAH3209K0409713,Pass,60,18,45.09467319,2,2,2,2,3,1,1,1,,,,,,,,,1,1,,3,3,5,5,18,8,,,04-11-2025 14:29,04-11-2025 14:30,Abhishek L,04-11-2025 14:30
INSMOMAH3209K0409613,Pass,60,27,45.60468833,2,2,3,2,3,2,1,1,,,,,,,,,,,1,3,2,5,5,19,8,,,04-11-2025 14:26,04-11-2025 14:27,Siddu,04-11-2025 14:27
INSMOMAH3209K0409013,Pass,60,30,45.25988202,2,3,4,2,4,2,2,2,,,,,,,,,1,1,,4,4,6,6,20,9,,,04-11-2025 14:25,04-11-2025 14:26,Mahboob,04-11-2025 14:26
INSMOMAH3209K0409813,Pass,61,20,45.29986053,2,2,2,2,3,1,1,1,,,,,,,,,1,1,1,3,3,5,5,18,8,,,04-11-2025 14:23,04-11-2025 14:24,Abhishek L,04-11-2025 14:24
INSMOMAH3209K0409513,Pass,61,25,44.89082562,2,2,3,2,4,1,1,1,,,,,,,,,,1,,4,3,6,6,21,9,,,04-11-2025 14:20,04-11-2025 14:21,Mahboob,04-11-2025 14:21
INSMOMAH3209K0408F13,Pass,60,33,45.79467225,2,2,2,2,3,1,1,1,,,,,,,,,,,1,4,4,6,6,19,9,,,04-11-2025 14:17,04-11-2025 14:18,Mahboob,04-11-2025 14:18
INSMOMAH3209K0409213,Pass,58,28,46.90665505,2,2,2,3,2,2,1,1,,,,,,,,,1,1,,3,3,5,5,17,7,,,04-11-2025 13:57,04-11-2025 13:58,Abhishek L,04-11-2025 13:58
INSMOMAH3209K0409413,Pass,59,20,45.1909543,2,2,2,2,3,1,1,1,,,,,,,,,1,1,,3,3,6,6,21,9,,,04-11-2025 13:54,04-11-2025 13:55,Mahboob,04-11-2025 13:55
INSMOMAH3209K0409313,Pass,61,28,45.98135222,2,2,2,1,2,1,1,2,,,,,,,,,,1,1,3,4,6,6,18,8,,,04-11-2025 13:45,04-11-2025 13:46,Siddu,04-11-2025 13:46
INSMOMAH3209K0409113,Pass,59,25,46.89412009,2,2,2,2,3,1,1,1,,,,,,,,,1,1,1,3,4,5,5,17,7,,,04-11-2025 13:38,04-11-2025 13:39,Abhishek L,04-11-2025 13:39
INSMOMAH0508K040B113,Pass,57,18,38.81264669,3,2,3,2,3,1,1,1,,,,,,,,,,1,,3,3,5,5,13,6,,,04-11-2025 13:37,04-11-2025 13:38,Santosh,04-11-2025 13:38
INSMOMAH3209K0408D13,Pass,59,19,44.08346469,2,2,3,2,3,2,1,1,,,,,,,,,1,1,1,3,3,6,6,18,8,,,04-11-2025 13:35,04-11-2025 13:36,Abhishek L,04-11-2025 13:36
INSMOMAH3209K0408E13,Pass,60,19,44.16572938,2,2,3,2,3,1,1,1,,,,,,,,,1,1,1,3,3,5,5,17,8,,,04-11-2025 13:32,04-11-2025 13:33,Siddu,04-11-2025 13:33
INSMOMAH2209E153B113,Pass,58,40,42.84836003,2,2,2,1,4,1,1,1,,,,,,,,,,,,4,4,5,5,12,6,,,04-11-2025 13:29,04-11-2025 13:30,Santosh,04-11-2025 13:30
INSMOMAH3209K0408A13,Pass,61,20,45.06155604,2,3,2,1,2,1,1,1,,,,,,,,,,1,,3,3,6,6,18,8,,,04-11-2025 13:28,04-11-2025 13:29,Abhishek L,04-11-2025 13:29
INSMOMAH1009C044B413,Pass,59,41,39.74778419,2,3,3,2,5,2,2,1,,,,,,,,,,,,3,4,5,5,14,6,,,04-11-2025 13:27,04-11-2025 13:28,Santosh,04-11-2025 13:28
INSMOMAH0909B1315913,Pass,56,31,40.6218656,2,2,3,1,3,2,1,1,,,,,,,,,,1,,3,3,4,4,14,6,,,04-11-2025 13:23,04-11-2025 13:24,Santosh,04-11-2025 13:24
INSMOMAH3209K0408B13,Pass,60,36,45.48674195,2,2,4,2,4,2,2,1,,,,,,,,,1,1,,3,3,7,7,21,9,,,04-11-2025 11:53,04-11-2025 11:54,Mahboob,04-11-2025 11:54
INSMOMAH3209K0408513,Pass,59,17,45.66620181,2,2,3,2,3,1,1,1,,,,,,,,,1,1,1,4,4,6,6,21,9,,,04-11-2025 11:49,04-11-2025 11:50,Mahboob,04-11-2025 11:50
INSMOMAH3209K0408C13,Pass,59,24,46.20272625,2,2,3,1,3,1,1,1,,,,,,,,,1,1,1,3,3,5,5,16,7,,,04-11-2025 11:47,04-11-2025 11:48,Abhishek L,04-11-2025 11:48
INSMOMAH3209K0408813,Pass,59,23,45.67307692,2,2,2,2,3,1,1,1,,,,,,,,,1,1,1,4,4,6,6,20,9,,,04-11-2025 11:46,04-11-2025 11:47,Mahboob,04-11-2025 11:47
INSMOMAH3209K0407D13,Pass,60,38,45.65864355,2,2,2,2,4,1,1,1,,,,,,,,,,1,1,3,3,6,6,17,8,,,04-11-2025 11:34,04-11-2025 11:35,Abhishek L,04-11-2025 11:35
INSMOMAH3209K0408913,Pass,59,19,46.79399727,2,2,2,2,2,1,2,1,,,,,,,,,1,1,,3,4,6,6,21,9,,,04-11-2025 11:33,04-11-2025 11:34,Mahboob,04-11-2025 11:34
INSMOMAH3209K0408713,Pass,60,27,45.86024218,2,3,2,2,3,1,2,2,,,,,,,,,1,1,,3,4,6,6,19,9,,,04-11-2025 11:27,04-11-2025 11:28,Mahboob,04-11-2025 11:28
INSMOMAH3209K0408413,Pass,58,27,47.30052556,2,2,3,1,2,1,1,1,,,,,,,,,1,,1,3,3,6,6,19,8,,,04-11-2025 11:26,04-11-2025 11:27,Siddu,04-11-2025 11:27
INSMOMAH3209K0408613,Pass,59,13,46.65516975,1,2,1,1,2,2,1,1,,,,,,,,,1,,1,3,3,5,5,19,7,,,04-11-2025 11:26,04-11-2025 11:27,Abhishek L,04-11-2025 11:27
INSMOMAH3209K0408213,Pass,59,27,46.53340537,2,1,2,1,2,1,1,1,,,,,,,,,,,,3,3,6,6,18,8,,,04-11-2025 11:14,04-11-2025 11:15,Abhishek L,04-11-2025 11:15
INSMOMAH3209K0408313,Pass,59,19,46.82588818,2,1,2,2,3,1,1,1,,,,,,,,,1,1,,3,4,6,6,21,9,,,04-11-2025 11:09,04-11-2025 11:10,Mahboob,04-11-2025 11:10
INSMOMAH3209K0408113,Pass,60,15,46.51404246,1,1,2,2,2,1,1,1,,,,,,,,,1,1,,3,4,5,5,19,8,,,04-11-2025 11:09,04-11-2025 11:10,Siddu,04-11-2025 11:10
INSMOMAH3209K0407F13,Pass,58,17,46.73567695,1,2,3,1,2,2,1,1,,,,,,,,,1,1,1,4,3,5,5,18,7,,,04-11-2025 10:56,04-11-2025 10:57,Abhishek L,04-11-2025 10:58
INSMOMAH3209K0408013,Pass,59,24,46.68173959,2,2,2,2,3,1,1,1,,,,,,,,,1,1,1,4,3,5,5,19,8,,,04-11-2025 10:56,04-11-2025 10:57,Siddu,04-11-2025 10:57
INSMOMAH3209K0407913,Pass,58,20,48.14472956,1,2,3,2,2,1,1,2,,,,,,,,,1,,1,3,4,5,5,18,7,,,04-11-2025 10:48,04-11-2025 10:49,Siddu,04-11-2025 10:49
INSMOMAH3209K0407E13,Pass,59,32,46.21653685,2,2,2,2,2,1,1,1,,,,,,,,,1,,1,3,3,5,5,17,7,,,04-11-2025 10:48,04-11-2025 10:49,Abhishek L,04-11-2025 10:49
INSMOMAH3209K0407B13,Pass,59,24,48.0064094,2,2,2,2,3,1,1,1,,,,,,,,,,1,,3,4,6,6,17,8,,,04-11-2025 10:26,04-11-2025 10:26,Abhishek L,04-11-2025 10:27
INSMOMAH3209K0407C13,Pass,60,27,46.64131812,2,2,2,2,3,1,1,1,,,,,,,,,,,1,4,3,6,6,18,8,,,04-11-2025 10:24,04-11-2025 10:25,Siddu,04-11-2025 10:25
INSMOMAH3209K0407A13,Pass,61,32,44.756537,3,2,2,2,3,1,1,1,,,,,,,,,1,1,,4,3,6,6,22,9,,,04-11-2025 10:24,04-11-2025 10:25,Mahboob,04-11-2025 10:25
INSMOMAH3209K0407713,Pass,60,23,46.00304944,2,2,3,2,3,2,1,1,,,,,,,,,,1,,4,4,6,6,21,9,,,04-11-2025 10:09,04-11-2025 10:10,Mahboob,04-11-2025 10:10
INSMOMAH3209K0407413,Pass,59,20,47.14553812,1,3,3,2,2,2,1,1,,,,,,,,,1,1,1,3,3,5,5,17,7,,,04-11-2025 10:08,04-11-2025 10:09,Abhishek L,04-11-2025 10:09
INSMOMAH3209K0407513,Pass,60,25,46.86776237,2,2,2,1,2,1,1,1,,,,,,,,,1,1,1,3,3,5,5,17,7,,,04-11-2025 10:08,04-11-2025 10:09,Siddu,04-11-2025 10:09
INSMOMAH3209K0407613,Pass,59,12,47.25262961,2,1,2,1,2,1,1,1,,,,,,,,,1,1,,3,4,5,5,17,7,,,04-11-2025 09:57,04-11-2025 09:58,Abhishek L,04-11-2025 09:59
INSMOMAH3209K0407113,Pass,59,42,45.96452793,3,3,3,4,3,2,2,2,,,,,,,,,1,1,,4,4,6,6,22,9,,,04-11-2025 09:55,04-11-2025 09:56,Mahboob,04-11-2025 09:56
INSMOMAH3209K0407813,Pass,59,18,47.34221469,2,2,2,2,3,1,1,1,,,,,,,,,1,1,,4,3,5,5,18,8,,,04-11-2025 09:55,04-11-2025 09:56,Siddu,04-11-2025 09:56
INSMOMAH3209K0407313,Pass,59,33,46.51450603,2,2,2,2,3,1,1,1,,,,,,,,,1,1,,5,5,6,6,21,9,,,04-11-2025 09:47,04-11-2025 09:48,Mahboob,04-11-2025 09:48
INSMOMAH3209K0407213,Pass,60,22,45.7028545,1,2,3,2,2,2,1,1,,,,,,,,,1,1,,3,3,5,5,17,7,,,04-11-2025 09:46,04-11-2025 09:47,Siddu,04-11-2025 09:47
INSMOMAH3209K0406A13,Pass,62,23,46.25636608,2,2,2,1,2,1,1,1,,,,,,,,,1,1,1,3,3,5,5,17,7,,,04-11-2025 09:45,04-11-2025 09:46,Abhishek L,04-11-2025 09:46
INSMOMAH3209K0407013,Pass,59,20,40.69222679,2,2,2,2,3,2,2,1,,,,,,,,,1,,1,3,3,5,5,19,8,,,04-11-2025 09:44,04-11-2025 09:45,Mahboob,04-11-2025 09:46
INSMOMAH3209K0406F13,Pass,60,20,46.66871354,2,1,2,2,2,1,1,1,,,,,,,,,1,1,1,3,3,5,5,18,8,,,04-11-2025 09:24,04-11-2025 09:25,Siddu,04-11-2025 09:25
INSMOMAH3209K0406C13,Pass,60,24,46.56403043,2,2,2,2,3,1,1,1,,,,,,,,,1,1,,3,2,5,5,17,8,,,04-11-2025 09:23,04-11-2025 09:24,Abhishek L,04-11-2025 09:24
INSMOMAH3209K0406B13,Pass,60,34,45.60210877,2,2,2,2,4,2,1,1,,,,,,,,,,,,4,4,7,7,20,9,,,04-11-2025 09:21,04-11-2025 09:22,Mahboob,04-11-2025 09:22
INSMOMAH3209K0406D13,Pass,60,20,40.28051375,1,1,2,2,2,1,1,1,,,,,,,,,1,,1,3,4,4,4,15,7,,,04-11-2025 09:06,04-11-2025 09:07,Abhishek L,04-11-2025 09:07
INSMOMAH3009J1162C13,Pass,59,20,45.99206857,2,1,2,2,3,1,1,1,,,,,,,,,,,,4,4,6,6,17,8,,,04-11-2025 09:04,04-11-2025 09:05,Abhishek L,04-11-2025 09:05
INSMOMAH3209K0406813,Pass,60,31,44.893196,2,,3,2,3,1,1,1,,,,,,,,,1,1,1,4,3,6,6,17,7,,,04-11-2025 08:50,04-11-2025 08:51,Abhishek L,04-11-2025 08:51
INSMOMAH3209K0406E13,Pass,60,21,44.89514419,2,2,3,2,4,1,1,1,,,,,,,,,1,1,,3,3,6,6,20,8,,,04-11-2025 08:49,04-11-2025 08:50,Mahboob,04-11-2025 08:50
INSMOMAH3209K0406913,Pass,60,33,45.55632196,2,2,2,2,3,1,1,1,,,,,,,,,,1,2,3,3,6,6,18,8,,,04-11-2025 08:46,04-11-2025 08:47,Abhishek L,04-11-2025 08:48
INSMOMAH3209K0305D13,Pass,62,24,44.27858376,2,2,3,2,3,2,1,1,,,,,,,,,1,1,,4,4,6,6,20,9,,,04-11-2025 08:44,04-11-2025 08:45,Mahboob,04-11-2025 08:45
INSMOMAH3209K0305E13,Pass,61,20,44.98852334,2,2,3,2,3,1,1,1,,,,,,,,,,1,1,3,3,5,5,17,8,,,04-11-2025 08:41,04-11-2025 08:42,Abhishek L,04-11-2025 08:42
INSMOMAH3209K0406713,Pass,59,29,48.21940136,2,2,3,2,3,1,1,1,,,,,,,,,1,1,1,4,4,6,6,20,9,,,04-11-2025 08:38,04-11-2025 08:39,Mahboob,04-11-2025 08:39
INSMOMAH3209K0406613,Pass,59,19,45.2074392,2,1,2,2,2,1,1,1,,,,,,,,,,,,3,3,5,5,17,8,,,04-11-2025 08:37,04-11-2025 08:38,Abhishek L,04-11-2025 08:38
INSMOMAH3209K0406513,Pass,59,28,46.01947448,2,2,3,2,3,2,1,1,,,,,,,,,1,1,,4,3,6,6,19,8,,,04-11-2025 08:36,04-11-2025 08:37,Mahboob,04-11-2025 08:37
INSMOMAH3209K0406313,Pass,61,22,46.43989013,2,2,3,2,3,1,1,1,,,,,,,,,1,,,4,2,5,5,18,8,,,04-11-2025 08:33,04-11-2025 08:34,Siddu,04-11-2025 08:34
INSMOMAH3209K0406213,Pass,60,21,46.05137964,2,2,3,2,3,2,1,1,,,,,,,,,1,1,1,3,3,5,5,19,8,,,04-11-2025 08:29,04-11-2025 08:30,Abhishek L,04-11-2025 08:30
INSMOMAH3209K0305413,Pass,59,30,46.11890511,2,3,3,3,4,2,2,2,,,,,,,,,1,1,,4,4,7,7,22,10,,,04-11-2025 08:14,04-11-2025 08:15,Mahboob,04-11-2025 08:15
INSMOMAH3209K0406413,Pass,59,23,45.52866725,2,3,3,2,3,2,1,1,,,,,,,,,,1,,4,4,7,7,22,9,,,04-11-2025 08:10,04-11-2025 08:11,Mahboob,04-11-2025 08:11
INSMOMAH3209K0406113,Pass,59,22,45.76976422,2,3,4,2,3,2,2,1,,,,,,,,,1,1,,4,4,6,6,19,9,,,04-11-2025 08:07,04-11-2025 08:08,Mahboob,04-11-2025 08:08
INSMOMAH3209K0305013,Pass,59,17,44.9179696,3,3,3,3,3,2,2,2,,,,,,,,,1,1,,4,4,6,6,21,9,,,04-11-2025 08:04,04-11-2025 08:05,Mahboob,04-11-2025 08:05
INSMOMAH3209K0304613,Pass,59,19,46.22078568,3,3,3,3,3,2,2,2,,,,,,,,,1,1,,3,4,7,7,20,9,,,04-11-2025 07:59,04-11-2025 08:00,Mahboob,04-11-2025 08:00
INSMOMAH3209K0306013,Pass,59,27,41.68900804,3,2,3,2,3,2,2,2,,,,,,,,,,,,4,4,7,7,22,9,,,04-11-2025 07:40,04-11-2025 07:41,Mahboob,04-11-2025 07:41
INSMOMAH3209K0305F13,Pass,62,16,45.52240761,2,2,3,2,3,2,1,2,,,,,,,,,,,,3,3,5,5,16,8,,,04-11-2025 07:28,04-11-2025 07:29,Abhishek L,04-11-2025 07:29
INSMOMAH3209K0305C13,Pass,61,27,45.10948905,2,2,2,3,4,1,1,1,,,,,,,,,1,1,,3,4,6,6,17,8,,,04-11-2025 07:24,04-11-2025 07:25,Abhishek L,04-11-2025 07:25
INSMOMAH3209K0305713,Pass,60,24,43.49052255,2,2,2,2,3,1,1,1,,,,,,,,,1,1,,3,3,6,6,18,8,,,04-11-2025 06:59,04-11-2025 07:00,Abhishek L,04-11-2025 07:00
INSMOMAH3209K0305A13,Pass,59,22,46.55566352,2,2,3,3,3,2,1,1,,,,,,,,,,,,3,3,5,5,17,8,,,04-11-2025 06:49,04-11-2025 06:50,Abhishek L,04-11-2025 06:50
INSMOMAH3209K0305B13,Pass,60,29,44.60526316,3,2,3,3,4,2,2,2,,,,,,,,,1,1,,4,4,6,6,20,9,,,04-11-2025 06:48,04-11-2025 06:49,Mahboob,04-11-2025 06:49
INSMOMAH3209K0305813,Pass,60,22,46.10553071,3,2,3,3,3,2,1,2,,,,,,,,,1,1,1,4,5,7,7,21,10,,,04-11-2025 06:43,04-11-2025 06:44,Mahboob,04-11-2025 06:44
INSMOMAH3209K0305513,Pass,59,23,44.8408371,2,2,3,2,3,1,1,1,,,,,,,,,1,1,1,3,3,5,5,18,8,,,04-11-2025 06:40,04-11-2025 06:41,Abhishek L,04-11-2025 06:41
INSMOMAH3209K0305913,Pass,60,20,45.30217412,3,3,3,2,4,2,2,2,,,,,,,,,1,1,1,4,4,6,6,22,9,,,04-11-2025 06:37,04-11-2025 06:38,Mahboob,04-11-2025 06:38
INSMOMAH3209K0305613,Pass,59,19,45.19109503,2,1,2,2,2,1,1,1,,,,,,,,,1,1,,3,3,5,5,17,7,,,04-11-2025 06:32,04-11-2025 06:33,Abhishek L,04-11-2025 06:33
INSMOMAH3209K0305113,Pass,61,23,47.22726158,3,3,3,2,3,2,1,1,,,,,,,,,1,1,1,5,4,7,7,22,9,,,04-11-2025 06:29,04-11-2025 06:30,Mahboob,04-11-2025 06:30
INSMOMAH3209K0305313,Pass,59,20,45.17300752,2,2,3,2,3,2,1,1,,,,,,,,,1,1,1,4,4,6,6,21,9,,,04-11-2025 06:23,04-11-2025 06:24,Mahboob,04-11-2025 06:24
INSMOMAH3209K0301913,Pass,59,20,47.59275674,2,3,4,2,3,3,1,2,,,,,,,,,1,1,1,4,4,6,6,21,9,,,04-11-2025 06:16,04-11-2025 06:17,Mahboob,04-11-2025 06:17
INSMOMAH3209K0301B13,Pass,60,24,45.64275879,2,4,4,3,5,2,2,2,,,,,,,,,,1,,3,4,6,6,21,9,,,03-11-2025 22:01,03-11-2025 22:02,Mahboob,03-11-2025 22:02
INSMOMAH3209K0302413,Pass,61,30,46.92321244,2,2,4,2,3,2,2,1,,,,,,,,,,1,,3,3,6,6,18,8,,,03-11-2025 21:56,03-11-2025 21:57,Abhishek L,03-11-2025 21:57
INSMOMAH3209K0305213,Pass,61,21,46.27870365,2,2,3,2,2,1,1,1,,,,,,,,,1,,1,3,3,5,5,16,8,,,03-11-2025 21:52,03-11-2025 21:53,Abhishek L,03-11-2025 21:53
INSMOMAH3209K0304113,Pass,60,21,44.75260649,2,2,2,2,3,1,1,1,,,,,,,,,1,1,,3,3,6,6,17,8,,,03-11-2025 21:49,03-11-2025 21:50,Siddu,03-11-2025 21:50
INSMOMAH3209K0304F13,Pass,59,19,43.33671471,2,2,3,3,3,1,1,1,,,,,,,,,1,1,,3,4,6,6,21,9,,,03-11-2025 21:49,03-11-2025 21:50,Mahboob,03-11-2025 21:50
INSMOMAH3209K0304B13,Pass,59,18,48.68012422,2,1,3,2,3,1,1,1,,,,,,,,,1,,1,4,4,5,5,17,8,,,03-11-2025 21:45,03-11-2025 21:46,Siddu,03-11-2025 21:46
INSMOMAH3209K0304D13,Pass,60,30,45.07445731,3,2,3,3,4,2,1,1,,,,,,,,,1,1,1,4,4,7,7,20,9,,,03-11-2025 21:44,03-11-2025 21:45,Mahboob,03-11-2025 21:45
INSMOMAH3209K0304E13,Pass,61,26,44.65165643,2,2,2,2,3,1,1,1,,,,,,,,,,1,1,3,4,6,6,19,8,,,03-11-2025 21:41,03-11-2025 21:42,Siddu,03-11-2025 21:42
INSMOMAH3209K0304C13,Pass,61,21,44.58979099,2,2,3,2,3,2,1,1,,,,,,,,,,1,,5,5,7,7,22,9,,,03-11-2025 21:40,03-11-2025 21:41,Mahboob,03-11-2025 21:41
INSMOMAH3209K0302713,Pass,61,19,43.50682434,1,2,3,2,2,1,1,1,,,,,,,,,1,,,2,2,5,5,17,8,,,03-11-2025 21:38,03-11-2025 21:39,Siddu,03-11-2025 21:39
INSMOMAH3209K0303C13,Pass,60,26,43.4864948,2,2,4,3,2,2,2,1,,,,,,,,,1,1,,4,4,7,7,21,9,,,03-11-2025 21:37,03-11-2025 21:38,Mahboob,03-11-2025 21:38
INSMOMAH3209K0304213,Pass,98,24,33.78190255,,,1,,,,1,,,,,,,,,,,,,,,,,2,1,,,03-11-2025 21:36,03-11-2025 21:37,Siddu,03-11-2025 21:38
INSMOMAH3209K0304713,Pass,61,25,45.09049451,2,3,4,2,3,2,2,2,,,,,,,,,1,1,1,5,5,7,7,22,10,,,03-11-2025 21:34,03-11-2025 21:35,Mahboob,03-11-2025 21:35
INSMOMAH3209K0302113,Pass,60,22,46.31606727,3,3,5,3,5,2,2,3,,,,,,,,,1,1,1,4,5,6,6,21,9,,,03-11-2025 21:31,03-11-2025 21:32,Mahboob,03-11-2025 21:32
INSMOMAH3209K0302513,Pass,60,37,44.87804878,2,4,3,3,4,2,1,1,,,,,,,,,1,1,1,4,4,7,7,21,10,,,03-11-2025 21:28,03-11-2025 21:29,Mahboob,03-11-2025 21:29
INSMOMAH3209K0304A13,Pass,60,20,44.65523532,2,3,2,2,3,2,1,1,,,,,,,,,1,,1,4,3,6,6,22,10,,,03-11-2025 21:21,03-11-2025 21:22,Mahboob,03-11-2025 21:22
INSMOMAH3209K0302A13,Pass,59,27,46.60138796,2,3,3,3,3,2,1,1,,,,,,,,,1,,,4,4,6,6,22,9,,,03-11-2025 21:16,03-11-2025 21:17,Mahboob,03-11-2025 21:17
INSMOMAH3209K0302813,Pass,60,19,45.28571429,2,2,3,2,2,2,1,2,,,,,,,,,1,1,1,4,4,5,5,19,8,,,03-11-2025 21:15,03-11-2025 21:16,Siddu,03-11-2025 21:17
INSMOMAH3209K0303D13,Pass,60,37,44.58367683,2,2,3,3,4,2,1,2,,,,,,,,,1,1,,4,4,7,7,20,9,,,03-11-2025 21:14,03-11-2025 21:15,Mahboob,03-11-2025 21:15
INSMOMAH3209K0302913,Pass,58,27,45.32969998,2,2,2,2,3,2,1,1,,,,,,,,,,,,3,3,6,6,18,8,,,03-11-2025 21:14,03-11-2025 21:14,Siddu,03-11-2025 21:15
INSMOMAH3209K0304513,Pass,60,26,45.0680974,2,2,3,2,2,1,2,1,,,,,,,,,1,1,1,3,4,6,6,18,8,,,03-11-2025 21:08,03-11-2025 21:09,Siddu,03-11-2025 21:09
INSMOMAH3209K0304413,Pass,60,19,45.18230201,2,2,3,2,2,1,2,2,,,,,,,,,,1,,4,4,5,5,18,8,,,03-11-2025 21:06,03-11-2025 21:07,Siddu,03-11-2025 21:07
INSMOMAH3209K0303513,Pass,60,26,44.67406169,2,2,3,2,3,1,2,1,,,,,,,,,1,,,3,3,6,6,18,8,,,03-11-2025 21:01,03-11-2025 21:02,Siddu,03-11-2025 21:02
INSMOMAH3209K0304313,Pass,60,24,44.05936052,2,3,4,2,3,1,1,2,,,,,,,,,1,1,1,4,4,7,7,19,9,,,03-11-2025 20:59,03-11-2025 21:00,Mahboob,03-11-2025 21:00
INSMOMAH3209K0303E13,Pass,60,22,44.71376631,2,3,3,3,4,2,2,2,,,,,,,,,1,1,,5,5,6,6,21,9,,,03-11-2025 20:54,03-11-2025 20:55,Mahboob,03-11-2025 20:55
INSMOMAH3209K0304013,Pass,60,29,44.17540562,2,2,4,3,3,2,2,2,,,,,,,,,1,1,1,3,4,7,7,21,9,,,03-11-2025 20:51,03-11-2025 20:52,Mahboob,03-11-2025 20:52
INSMOMAH3209K0303113,Pass,61,23,41.17721873,2,1,2,2,3,1,1,2,,,,,,,,,1,1,,3,2,6,6,16,7,,,03-11-2025 20:49,03-11-2025 20:50,Siddu,03-11-2025 20:50
INSMOMAH3209K0301113,Pass,59,32,40.63688213,2,2,3,2,2,1,1,2,,,,,,,,,1,1,,3,2,6,6,21,9,,,03-11-2025 20:45,03-11-2025 20:46,Mahboob,03-11-2025 20:46
INSMOMAH3209K0303F13,Pass,61,17,45.40041225,2,3,2,2,2,1,1,1,,,,,,,,,,,,3,3,5,5,18,8,,,03-11-2025 20:43,03-11-2025 20:44,Siddu,03-11-2025 20:44
INSMOMAH3209K0303B13,Pass,60,30,45.33525289,2,2,2,2,3,1,2,2,,,,,,,,,,,,4,4,7,7,21,10,,,03-11-2025 20:37,03-11-2025 20:38,Mahboob,03-11-2025 20:38
INSMOMAH3209K0303913,Pass,60,20,44.10108502,2,2,3,2,4,2,1,1,,,,,,,,,1,1,1,4,4,7,7,22,10,,,03-11-2025 20:33,03-11-2025 20:34,Mahboob,03-11-2025 20:34
INSMOMAH3209K0303A13,Pass,60,19,44.02813004,2,2,3,3,3,2,2,2,,,,,,,,,1,,1,4,5,7,7,22,10,,,03-11-2025 20:28,03-11-2025 20:29,Mahboob,03-11-2025 20:29
INSMOMAH3209K0303813,Pass,60,16,44.87133392,2,3,2,1,3,2,2,1,,,,,,,,,1,1,,3,3,5,5,18,8,,,03-11-2025 20:25,03-11-2025 20:26,Siddu,03-11-2025 20:26
INSMOMAH3209K0301713,Pass,61,32,45.02800785,2,2,3,3,4,2,1,2,,,,,,,,,,1,,4,4,6,6,20,9,,,03-11-2025 20:19,03-11-2025 20:20,Mahboob,03-11-2025 20:20
INSMOMAH3209K0302313,Pass,60,23,45.62252013,3,4,4,3,4,2,2,2,,,,,,,,,1,1,1,5,4,6,6,21,9,,,03-11-2025 20:14,03-11-2025 20:15,Mahboob,03-11-2025 20:15
INSMOMAH3209K0301A13,Pass,60,27,46.25711035,2,2,3,3,3,2,1,1,,,,,,,,,,1,,3,3,6,6,19,8,,,03-11-2025 20:10,03-11-2025 20:11,Siddu,03-11-2025 20:11
INSMOMAH3209K0301C13,Pass,60,25,44.93895992,3,3,4,3,4,2,2,2,,,,,,,,,,1,,4,5,6,6,21,9,,,03-11-2025 20:06,03-11-2025 20:07,Mahboob,03-11-2025 20:07
INSMOMAH3209K0303713,Pass,60,30,45.95492565,3,3,3,3,3,2,2,2,,,,,,,,,1,1,1,4,4,6,6,22,9,,,03-11-2025 20:03,03-11-2025 20:04,Mahboob,03-11-2025 20:04
INSMOMAH3209K0301813,Pass,55,30,42.12637155,2,2,3,2,2,1,1,1,,,,,,,,,1,1,1,3,2,3,3,14,5,,,03-11-2025 20:00,03-11-2025 20:01,Abhishek L,03-11-2025 20:01
INSMOMAH3209K0301513,Pass,60,26,46.96471512,3,4,3,2,3,2,1,1,,,,,,,,,1,1,1,5,4,6,6,21,9,,,03-11-2025 19:59,03-11-2025 20:00,Mahboob,03-11-2025 20:00
INSMOMAH3209K0301E13,Pass,60,26,45.6680932,3,2,4,3,4,2,2,2,,,,,,,,,,1,,4,4,6,6,22,9,,,03-11-2025 19:56,03-11-2025 19:57,Mahboob,03-11-2025 19:57
INSMOMAH3209K0303613,Pass,59,27,45.84909916,2,3,2,2,3,1,1,1,,,,,,,,,1,,,3,3,6,6,18,8,,,03-11-2025 19:54,03-11-2025 19:55,Siddu,03-11-2025 19:55
INSMOMAH3209K0303413,Pass,59,16,46.65291581,2,3,3,2,2,2,2,2,,,,,,,,,1,,1,3,2,5,5,16,8,,,03-11-2025 19:51,03-11-2025 19:52,Abhishek L,03-11-2025 19:52
INSMOMAH3209K0302213,Pass,60,26,45.0527121,2,3,4,3,3,2,2,2,,,,,,,,,1,1,,4,4,7,7,21,9,,,03-11-2025 19:49,03-11-2025 19:50,Mahboob,03-11-2025 19:50
INSMOMAH3209K0301F13,Pass,59,41,46.24698528,3,2,5,3,4,2,2,2,,,,,,,,,,,,4,4,6,6,21,9,,,03-11-2025 19:46,03-11-2025 19:47,Mahboob,03-11-2025 19:47
INSMOMAH3209K0302E13,Pass,59,25,46.49158802,2,2,2,2,3,1,1,1,,,,,,,,,1,1,1,3,4,5,5,17,7,,,03-11-2025 19:43,03-11-2025 19:44,Abhishek L,03-11-2025 19:44
INSMOMAH3209K0302C13,Pass,60,25,46.14723164,3,2,3,2,3,2,1,1,,,,,,,,,1,1,1,5,5,6,6,21,9,,,03-11-2025 19:42,03-11-2025 19:43,Mahboob,03-11-2025 19:43
INSMOMAH3209K0303313,Pass,62,22,46,2,2,2,2,3,2,1,1,,,,,,,,,,1,,3,3,6,6,18,8,,,03-11-2025 19:40,03-11-2025 19:42,Siddu,03-11-2025 19:42
INSMOMAH3209K0303213,Pass,62,26,41.52690294,1,2,2,2,2,1,1,1,,,,,,,,,,1,,3,3,5,5,16,7,,,03-11-2025 19:40,03-11-2025 19:41,Abhishek L,03-11-2025 19:41
INSMOMAH3209K0302F13,Pass,58,31,46.00807932,3,3,3,3,3,2,1,1,,,,,,,,,1,1,1,3,4,7,7,21,9,,,03-11-2025 19:39,03-11-2025 19:40,Mahboob,03-11-2025 19:40
INSMOMAH3209K0302013,Pass,60,25,46.66420547,2,2,2,2,2,2,1,1,,,,,,,,,1,1,,3,3,5,5,17,8,,,03-11-2025 19:34,03-11-2025 19:35,Abhishek L,03-11-2025 19:35
INSMOMAH3209K0303013,Pass,61,29,46.62698413,2,2,3,2,3,2,1,1,,,,,,,,,1,1,1,3,3,6,6,18,8,,,03-11-2025 19:30,03-11-2025 19:31,Siddu,03-11-2025 19:31
INSMOMAH3209K0302B13,Pass,60,19,44.69648788,2,4,3,2,3,3,2,1,,,,,,,,,1,1,,4,5,7,7,21,9,,,03-11-2025 18:58,03-11-2025 18:59,Mahboob,03-11-2025 18:59
INSMOMAH3209K0302D13,Pass,61,26,46.40536575,2,2,2,1,3,1,1,1,,,,,,,,,,1,,2,3,6,6,19,8,,,03-11-2025 18:55,03-11-2025 18:56,Siddu,03-11-2025 18:56
INSMOMAH3209K0301613,Pass,61,21,42.60459184,2,3,3,2,3,2,2,1,,,,,,,,,1,1,,3,3,5,5,16,7,,,03-11-2025 18:54,03-11-2025 18:55,Abhishek L,03-11-2025 18:55
INSMOMAH3209K0302613,Pass,60,37,46.35146215,2,2,4,3,4,2,2,1,,,,,,,,,,1,1,4,3,7,7,21,10,,,03-11-2025 18:54,03-11-2025 18:55,Mahboob,03-11-2025 18:55
INSMOMAH3209K0301413,Pass,60,30,46.07316019,2,3,4,2,3,2,1,1,,,,,,,,,,1,,4,4,6,6,22,9,,,03-11-2025 18:46,03-11-2025 18:47,Mahboob,03-11-2025 18:47
INSMOMAH3209K0301313,Pass,59,22,46.13920828,1,1,2,2,2,1,,1,,,,,,,,,,1,1,4,3,4,4,16,7,,,03-11-2025 18:44,03-11-2025 18:45,Abhishek L,03-11-2025 18:45
INSMOMAH3209K0300E13,Pass,60,33,45.28795812,2,2,3,3,3,1,1,1,,,,,,,,,1,1,,3,4,6,6,20,9,,,03-11-2025 18:43,03-11-2025 18:44,Mahboob,03-11-2025 18:44
INSMOMAH3209K0301013,Pass,60,27,46.07916937,2,2,3,2,3,1,1,1,,,,,,,,,,,,3,2,5,5,16,8,,,03-11-2025 18:41,03-11-2025 18:42,Siddu,03-11-2025 18:42
INSMOMAH3209K0301213,Pass,59,24,47.44134491,2,3,4,3,3,2,2,2,,,,,,,,,,,,3,3,5,5,16,7,,,03-11-2025 18:41,03-11-2025 18:42,Abhishek L,03-11-2025 18:42
INSMOMAH3209K0300C13,Pass,43,19,38.80183821,,,1,,1,,,,,,,,,,,,,1,,2,2,3,3,12,4,,,03-11-2025 18:38,03-11-2025 18:39,Mahboob,03-11-2025 18:39
INSMOMAH3209K0300D13,Pass,60,37,46.55747425,3,4,4,3,4,2,2,1,,,,,,,,,1,,,4,5,6,6,21,9,,,03-11-2025 18:35,03-11-2025 18:36,Mahboob,03-11-2025 18:36
INSMOMAH3209K0300B13,Pass,60,31,44.64560407,2,2,3,2,3,1,1,1,,,,,,,,,1,1,,5,5,6,6,21,9,,,03-11-2025 18:32,03-11-2025 18:33,Mahboob,03-11-2025 18:33
INSMOMAH3209K0300A13,Pass,60,29,46.05814529,2,2,3,3,3,1,1,1,,,,,,,,,1,1,,4,3,5,5,16,7,,,03-11-2025 18:31,03-11-2025 18:32,Abhishek L,03-11-2025 18:32
INSMOMAH3209K0300513,Pass,60,35,45.1800823,2,3,4,4,4,2,2,2,,,,,,,,,1,1,,4,5,7,7,21,9,,,03-11-2025 18:29,03-11-2025 18:30,Mahboob,03-11-2025 18:30
INSMOMAH3209K0300413,Pass,61,37,44.68943884,3,3,3,3,4,2,2,2,,,,,,,,,1,1,1,3,5,6,6,21,9,,,03-11-2025 18:26,03-11-2025 18:27,Mahboob,03-11-2025 18:27
INSMOMAH3209K0300213,Pass,59,26,46.09477726,2,3,3,3,2,2,1,1,,,,,,,,,1,1,1,4,2,4,4,14,7,,,03-11-2025 18:24,03-11-2025 18:25,Abhishek L,03-11-2025 18:25
INSMOMAH3209K0300313,Pass,60,24,46.33987778,2,3,3,2,3,2,2,1,,,,,,,,,,,,4,3,4,4,17,7,,,03-11-2025 18:20,03-11-2025 18:21,Siddu,03-11-2025 18:21
INSMOMAH3209K0300913,Pass,60,34,45.95959596,2,2,2,2,2,1,1,1,,,,,,,,,,,,3,3,4,4,16,7,,,03-11-2025 18:18,03-11-2025 18:19,Abhishek L,03-11-2025 18:19
INSMOMAH3209K0300713,Pass,60,36,43.75673136,2,3,5,3,3,2,2,2,,,,,,,,,1,1,,4,5,6,6,20,9,,,03-11-2025 18:17,03-11-2025 18:18,Mahboob,03-11-2025 18:18
INSMOMAH3209K0300813,Pass,60,22,43.21650934,2,3,2,2,2,2,2,2,,,,,,,,,,,,3,3,4,4,15,7,,,03-11-2025 18:16,03-11-2025 18:17,Siddu,03-11-2025 18:17
INSMOMAH3209K0300F13,Pass,59,47,44.12722744,2,3,3,3,4,2,2,1,,,,,,,,,1,,,3,4,6,6,20,8,,,03-11-2025 18:15,03-11-2025 18:16,Mahboob,03-11-2025 18:16
INSMOMAH3209K0300113,Pass,59,22,43.99397343,2,3,3,2,3,1,1,1,,,,,,,,,,,,3,2,5,5,14,7,,,03-11-2025 18:13,03-11-2025 18:14,Abhishek L,03-11-2025 18:14
INSMOMAH3209K0300613,Pass,59,24,45.48690985,2,2,3,2,2,2,1,1,,,,,,,,,1,,,3,2,4,4,15,6,,,03-11-2025 18:12,03-11-2025 18:12,Abhishek L,03-11-2025 18:13
INSMOMAH0207C20D5112,Pass,57,31,40.95864765,1,2,2,2,1,3,2,2,,,,,,,,,1,1,1,3,3,4,4,10,6,,,03-11-2025 08:32,03-11-2025 08:33,Santosh,03-11-2025 08:33
INSMOMAH0207A3116112,Fail,58,144,43.67315574,2,3,3,3,4,4,3,3,,,,,,,,,1,1,1,4,4,5,5,11,7,,"cell_deviation is higher than Threshold,",03-11-2025 08:01,03-11-2025 08:02,Santosh,03-11-2025 08:02
